{"cameraMode":{"drawMode":2,"name":"Shaded Wireframe","section":"Shading Mode"},"sceneLighting":false,"audioPlay":false,"sceneViewState":{"showFog":false,"showMaterialUpdate":false,"showSkybox":false,"showFlares":false,"showImageEffects":false,"showParticleSystems":false},"in2DMode":false,"pivot":{"x":-4.206140995025635,"y":6.215273380279541,"z":-1.4598127603530884},"rotation":{"x":-0.152002215385437,"y":-0.6367965936660767,"z":0.1303657591342926,"w":-0.744706392288208},"size":1.8074947595596314,"orthographic":false}