{"cameraMode":{"drawMode":2,"name":"Shaded Wireframe","section":"Shading Mode"},"sceneLighting":true,"audioPlay":false,"sceneViewState":{"showFog":false,"showMaterialUpdate":false,"showSkybox":false,"showFlares":false,"showImageEffects":false,"showParticleSystems":false},"in2DMode":false,"pivot":{"x":-0.11814271658658982,"y":8.374765396118164,"z":-3.165388584136963},"rotation":{"x":-0.6815095543861389,"y":-0.040528301149606708,"z":-0.03603006899356842,"w":0.7301146388053894},"size":0.8660253882408142,"orthographic":false}